{
    "MSH": {
        "fieldSeperator": {
            "value": "|",
            "label": "Feild Seperator",
            "description": ""
        },
        "encodingCharacter": {
            "value": "^~{",
            "label": "Encoding Character",
            "description": ""
        },
        "sendingApplication": {
            "value": "ALL",
            "label": "Sending Application",
            "description": ""
        },
        "sendingFacility": {
            "value": "MSH-2",
            "label": "Sending Facility",
            "description": "",
            "required": true
        },
        "receivingApplication": {
            "value": "CAI",
            "label": "Receiving Application",
            "description": ""
        },
        "receivingFacility": {
            "value": "",
            "label": "Receiving Facility",
            "description": ""
        },
        "dateAndTime": {
            "value": "20191012112232",
            "label": "Date & Time",
            "description": "",
            "required": true
        },
        "security": {
            "value": "",
            "label": "Security",
            "description": "Security"
        },
        "messageType": {
            "value": "ADT^A01",
            "label": "Message Type",
            "description": "",
            "required": true
        },
        "messageControl": {
            "value": "",
            "label": "Message Control",
            "description": ""
        },
        "processingId": {
            "value": "P",
            "label": "processing Id",
            "description": ""
        },
        "versionId": {
            "value": "2.2",
            "label": "Version ID",
            "description": ""
        },
        "sequenceNumber": {
            "value": "",
            "label": "Sequence Number",
            "description": ""
        },
        "continuationPointer": {
            "value": "",
            "label": "Continuation Pointer",
            "description": ""
        },
        "acceptAcknowledgementType": {
            "value": "",
            "label": "Accept Acknowledgement Type",
            "description": ""
        },
        "applicationAcknowledgementType": {
            "value": "",
            "label": "applicationAcknowledgementType",
            "description": ""
        },
        "countryCode": {
            "value": "",
            "label": "Country Code",
            "description": ""
        },
        "characterSet": {
            "value": "",
            "label": "Character Set",
            "description": ""
        },
        "principalLanguageOfMessage": {
            "value": "",
            "label": "Principal Language Of Message",
            "description": ""
        }
    },
    "PID": {
        "patientId": {
            "value": "1",
            "label": "Patient ID",
            "description": ""
        },
        "externalPatientId": {
            "value": "",
            "label": "External Patient ID",
            "description": ""
        },
        "internalPatientId": {
            "value": "V6995081111128123",
            "label": "Internal Patient ID",
            "description": "",
            "required": true
        },
        "optionalPatientId": {
            "value": "",
            "label": "Optinal Patient ID",
            "description": ""
        },
        "patientName": {
            "value": "McCrathy^David",
            "label": "Patient Name",
            "description": "",
            "required": true
        },
        "mothorMaidenName": {
            "value": "",
            "label": "Mother Maiden Name",
            "description": ""
        },
        "dateOfBirth": {
            "value": "19640722",
            "label": "Date Of Birth",
            "description": "",
            "required": true
        },
        "sex": {
            "value": "F",
            "label": "Sex",
            "description": "",
            "required": true
        },
        "patientAlias": {
            "value": "",
            "label": "Patient Alias",
            "description": ""
        },
        "race": {
            "value": "C",
            "label": "Race",
            "description": ""
        },
        "patientAddress": {
            "value": "1234 Anywhere^^Salt Lake City,^UTAH^84105",
            "label": "Patient Address",
            "description": "",
            "required": true
        },
        "countryCode": {
            "value": "SALT LAKE",
            "label": "Country Code",
            "description": "",
            "required": true
        },
        "homePhoneNumber": {
            "value": "",
            "label": "Home Phone Number",
            "description": ""
        },
        "bussinessPhoneNumber": {
            "value": "",
            "label": "Business Phone Number",
            "description": ""
        },
        "primaryLanguage": {
            "value": "ENG",
            "label": "Primary Language",
            "description": ""
        },
        "maritalStatus": {
            "value": "M",
            "label": "Marital Status",
            "description": ""
        },
        "religion": {
            "value": "LDS",
            "label": "Religion",
            "description": ""
        },
        "patientAccountNumber": {
            "value": "V6995081111128123",
            "label": "Patient Account Number",
            "description": "",
            "required": true
        },
        "patientSsnNumber": {
            "value": "",
            "label": "Patient SSN Number",
            "description": ""
        },
        "dlNumber": {
            "value": "",
            "label": "Driving Licence Number",
            "description": ""
        },
        "motherIdentifier": {
            "value": "",
            "label": "Mother Identifier",
            "description": ""
        },
        "ethnicGroup": {
            "value": "",
            "label": "Ethnic Group",
            "description": ""
        },
        "birthPlace": {
            "value": "",
            "label": "Birth Place",
            "description": ""
        },
        "multipleBirthIndicator": {
            "value": "",
            "label": "Multiple Birth Indicator",
            "description": ""
        },
        "birthOrder": {
            "value": "",
            "label": "Birth Order",
            "description": ""
        },
        "cityzenship": {
            "value": "",
            "label": "Cityzenship",
            "description": ""
        },
        "veternalMilitaryStatus": {
            "value": "",
            "label": "Veternal Military Status",
            "description": ""
        },
        "nationalCode": {
            "value": "",
            "label": "National Code",
            "description": ""
        },
        "patientDeathDateTime": {
            "value": "",
            "label": "Patient Death Date Time",
            "description": ""
        },
        "patientDeathIndicator": {
            "value": "",
            "label": "Patient Death Indicator",
            "description": ""
        }
    },
    "PV1": {
        "patientVisitID": {
            "value": "1",
            "label": "Set ID - Patient Visit",
            "description": ""
        },
        "patientClass": {
            "value": "I",
            "label": "Patient Class",
            "description": "",
            "required": true
        },
        "assignedPatientLocation": {
            "value": "LOCA3815^30^0115",
            "label": "Assigned Patient Location",
            "description": "",
            "required": true
        },
        "admissionType": {
            "value": "2",
            "label": "Admission Type",
            "description": ""
        },
        "preadmitNumber": {
            "value": "",
            "label": "Preadmit Number",
            "description": ""
        },
        "priorPatientLocation": {
            "value": "",
            "label": "Prior Patient Location",
            "description": ""
        },
        "attendingDoctor": {
            "value": "TD125860^DAVIS^CONRAD^^^^MD^",
            "label": "Attending Doctor",
            "description": ""
        },
        "referringDoctor": {
            "value": "213545^Kelly^Sanaz^^^^^^UUHSC Peoplesoft ID^^^^PRSNLID",
            "label": "Referring Doctor",
            "description": ""
        },
        "consultingDoctor": {
            "value": "",
            "label": "Consulting Doctor",
            "description": ""
        },
        "hospitalService": {
            "value": "GYI",
            "label": "Hospital Service",
            "description": ""
        },
        "temporaryLocation": {
            "value": "",
            "label": "Temporary Location",
            "description": ""
        },
        "preadmitTestIndicator": {
            "value": "",
            "label": "Preadmit Test Indicator",
            "description": ""
        },
        "readmissionIndicator": {
            "value": "R",
            "label": "Readmission Indicator",
            "description": ""
        },
        "admitSource": {
            "value": "",
            "label": "Admit Source",
            "description": ""
        },
        "ambulatoryStatus": {
            "value": "",
            "label": "Ambulatory Status",
            "description": ""
        },
        "vIPIndicator": {
            "value": "",
            "label": "VIP Indicator",
            "description": ""
        },
        "admittingDoctor": {
            "value": "TD125860^DAVIS^CONRAD^^^^MD^",
            "label": "Admitting Doctor",
            "description": ""
        },
        "patientType": {
            "value": "I",
            "label": "Patient Type",
            "description": ""
        },
        "visitNumber": {
            "value": "I",
            "label": "Visit Number",
            "description": ""
        },
        "financialClass": {
            "value": "DO",
            "label": "Financial Class",
            "description": ""
        },
        "chargePriceIndicator": {
            "value": "",
            "label": "Charge Price Indicator",
            "description": ""
        },
        "courtesyCode": {
            "value": "",
            "label": "Courtesy Code",
            "description": ""
        },
        "creditRating": {
            "value": "",
            "label": "Credit Rating",
            "description": ""
        },
        "contractCode": {
            "value": "",
            "label": "Contract Code",
            "description": ""
        },
        "contractEffectiveDate": {
            "value": "",
            "label": "Contract Effective Date",
            "description": ""
        },
        "contractAmount": {
            "value": "",
            "label": "Contract Amount",
            "description": ""
        },
        "contractPeriod": {
            "value": "",
            "label": "Contract Period",
            "description": ""
        },
        "interestCode": {
            "value": "",
            "label": "Interest Code",
            "description": ""
        },
        "transfertoBadDebtCode": {
            "value": "",
            "label": "Transfer to Bad Debt Code",
            "description": ""
        },
        "transfertoBadDebtDate": {
            "value": "",
            "label": "Transfer to Bad Debt Date",
            "description": ""
        },
        "badDebtAgencyCode": {
            "value": "",
            "label": "Bad Debt Agency Code",
            "description": ""
        },
        "badDebtTransferAmount": {
            "value": "",
            "label": "Bad Debt Transfer Amount",
            "description": ""
        },
        "badDebtRecoveryAmount": {
            "value": "",
            "label": "Bad Debt Recovery Amount",
            "description": ""
        },
        "deleteAccountIndicator": {
            "value": "",
            "label": "Delete Account Indicator",
            "description": ""
        },
        "deleteAccountDate": {
            "value": "",
            "label": "Delete Account Date",
            "description": ""
        },
        "dischargeDisposition": {
            "value": " ",
            "label": " Discharge Disposition",
            "description": ""
        },
        "dischargedToLocation": {
            "value": "03",
            "label": "Discharged to Location",
            "description": ""
        },
        "dietType": {
            "value": "",
            "label": "Diet Type",
            "description": ""
        },
        "servicingFacility": {
            "value": "01",
            "label": "Servicing Facility",
            "description": ""
        },
        "bedStatus": {
            "value": "",
            "label": "Bed Status",
            "description": ""
        },
        "accountStatus": {
            "value": "PI",
            "label": "Account Status",
            "description": ""
        },
        "pendingLocation": {
            "value": " ",
            "label": " Pending Location",
            "description": ""
        },
        "priorTemporaryLocation": {
            "value": "",
            "label": "Prior Temporary Location",
            "description": ""
        },
        "AdmitDateTime": {
            "value": "20191012112232",
            "label": "Admit Date/Time",
            "description": "",
            "required": true
        },
        "DischargeDateTime": {
            "value": "01",
            "label": "Discharge Date/Time",
            "description": ""
        },
        "currentpatientBalance": {
            "value": "",
            "label": "Current Patient Balance",
            "description": ""
        },
        "totalCharges": {
            "value": "",
            "label": " Total Charges",
            "description": ""
        },
        "totalAdjustments": {
            "value": "",
            "label": "Total Adjustments",
            "description": ""
        },
        "totalPayments": {
            "value": "",
            "label": "Total Payments",
            "description": ""
        },
        "alternateVisitId": {
            "value": "",
            "label": "Alternate Visit ID",
            "description": ""
        },
        "visitIndicator": {
            "value": "",
            "label": "Visit Indicator",
            "description": ""
        },
        "otherHealthcareProvider": {
            "value": "",
            "label": "Other Healthcare Provider",
            "description": ""
        }
    }
}