{
    "ZDV": {
        "mpi": {
            "value": "",
            "label": "MPI",
            "description": ""
        },
        "mrn": {
            "value": "V6995081111128123",
            "label": "MRN",
            "description": ""
        },
        "patient_name": {
            "value": "Smith^John^A",
            "label": "Patient Name",
            "description": "",
            "required": true
        },
        "date_of_birth": {
            "value": "01/01/1990",
            "label": "Date Of Birth",
            "description": ""
        },
        "account_number": {
            "value": "V6995081111128123",
            "label": "Account Number",
            "description": ""
        },
        "institution_facility_identification": {
            "value": "20200708193717",
            "label": "Institution Identification",
            "description": ""
        },
        "device_code": {
            "value": "20200708193717",
            "label": "Device Code",
            "description": "",
            "required": true
        },
        "observation_date": {
            "value": "",
            "label": "Observation Date",
            "description": "",
            "required": true
        },
        "line_placement_date": {
            "value": "",
            "label": "Line Placement Date",
            "description": ""
        },
        "line_removal_date": {
            "value": "",
            "label": "Line Removal Date",
            "description": ""
        },
        "insertion_site_code": {
            "value": "",
            "label": "Insertion Site Code",
            "description": ""
        },
        "comments": {
            "value": "",
            "label": "Comments",
            "description": ""
        },
        "placed_by": {
            "value": "",
            "label": "Placed By",
            "description": ""
        },
        "patient_location": {
            "value": "",
            "label": "Patient Location",
            "description": ""
        },
        "hospital_service": {
            "value": "",
            "label": "Hospital Service",
            "description": ""
        },
        "removed_by": {
            "value": "",
            "label": "Removed By",
            "description": ""
        },
        "vent_mode": {
            "value": "",
            "label": "Ventilator Mode",
            "description": ""
        }
    }				
}