{
    "ORC": {
        "OrderControl": {
            "value": "RE",
            "label": "Order Control",
            "description": ""
        },
        "PlacerOrderNumber": {
            "value": "E91820811111291122",
            "label": "PlacerOrderNumber",
            "description": "",
            "required": true
        },
        "FillerOrderNumber": {
            "value": "91820811111291122",
            "label": "FillerOrderNumber",
            "description": "",
            "required": true
        },
        "PlacerGroupNumber": {
            "value": "",
            "label": "PlacerGroupNumber",
            "description": ""
        },
        "OrderStatus": {
            "value": "",
            "label": "OrderStatus",
            "description": ""
        },
        "ResponseFlag": {
            "value": "",
            "label": "ResponseFlag",
            "description": ""
        },
        "Quantity/Timing": {
            "value": "",
            "label": "Quantity/Timing",
            "description": ""
        },
        "Parent": {
            "value": "",
            "label": "Parent",
            "description": ""
        },
        "Date/TimeofTransaction": {
            "value": "",
            "label": "Date/Time of Transaction",
            "description": ""
        },
        "EnteredBy": {
            "value": "",
            "label": "EnteredBy",
            "description": ""
        },
        "VerifiedBy": {
            "value": "",
            "label": "VerifiedBy",
            "description": ""
        },
        "OrderingProvider": {
            "value": "^^",
            "label": "OrderingProvider",
            "description": ""
        },
        "Enterer'sLocation": {
            "value": "",
            "label": "Enterer'sLocation",
            "description": ""
        },
        "CallBackPhoneNumber": {
            "value": "",
            "label": "CallBackPhoneNumber",
            "description": ""
        },
        "OrderEffectiveDate/Time": {
            "value": "",
            "label": "OrderEffectiveDate/Time",
            "description": ""
        },
        "OrderControlCodeReason": {
            "value": "",
            "label": "OrderControlCodeReason",
            "description": ""
        },
        "EnteringOrganization": {
            "value": "",
            "label": "EnteringOrganization",
            "description": ""
        },
        "EnteringDevice": {
            "value": "",
            "label": "EnteringDevice",
            "description": ""
        },
        "ActionBy": {
            "value": "",
            "label": "ActionBy",
            "description": ""
        }
    },
    "OBR": {
            "SetID-ObservationRequest": {
                "value": "1",
                "label": "SetID-ObservationRequest",
                "description": ""
            },
            "PlacerOrderNumber": {
                "value": "E91820811111291122",
                "label": "PlacerOrderNumber",
                "description": "",
                "required": true
            },
            "FillerOrderNumber": {
                "value": "91820811111291122^HNAM_ORDERID-60132-^HNAM_ORDERID",
                "label": "FillerOrderNumber",
                "description": "",
                "required": true
            },
            "UniversalServiceIdentifier": {
                "value": "60131^Culture, Urine^^630-4^Culture, Urine",
                "label": "UniversalServiceIdentifier",
                "description": ""
            },
            "Priority": {
                "value": "",
                "label": "Priority",
                "description": ""
            },
            "RequestedDate/Time": {
                "value": "",
                "label": "RequestedDate/Time",
                "description": ""
            },
            "ObservationDate/Time": {
                "value": "20190820122232",
                "label": "ObservationDate/Time",
                "description": "",
                "required": true
            },
            "ObservationEndDate/Time": {
                "value": "",
                "label": " ObservationEndDate/Time",
                "description": ""
            },
            "CollectionVolume": {
                "value": "",
                "label": " Collection Volume",
                "description": ""
            },
            " CollectorIdentifier": {
                "value": "",
                "label": "Collector Identifier",
                "description": ""
            },
            "SpecimenActionCode": {
                "value": "",
                "label": "Specimen Action Code",
                "description": ""
            },
            "DangerCode": {
                "value": "",
                "label": "Danger Code",
                "description": ""
            },
            "RelevantClinicalInformation": {
                "value": "",
                "label": "Relevant Clinical Information",
                "description": ""
            },
            "SpecimenReceivedDate/Time": {
                "value": "20190820122232",
                "label": "Specimen Received Date/Time",
                "description": "",
                "required": true
            },
            "SpecimenSource": {
                "value": "^^^Urine",
                "label": "Specimen Source",
                "description": ""
            },
            "OrderingProvider": {
                "value": "TD125860^Conrad^Davis",
                "label": " Ordering Provider",
                "description": ""
            },
            "OrderCallbackPhoneNumber": {
                "value": "",
                "label": "Order Callback Phone Number",
                "description": ""
            },
            "PlacerField1": {
                "value": "",
                "label": " Placer Field 1 ",
                "description": ""
            },
            "PlacerField2": {
                "value": "",
                "label": "Placer Field 2",
                "description": ""
            },
            "FillerField1": {
                "value": "000002016239111995^HNA_ACCN~86397534^HNA_ACCNID",
                "label": " Filler Field 1",
                "description": "",
                "required": true
            },
            "FillerField2": {
                "value": "",
                "label": "Filler Field 2",
                "description": "",
                "required": true
            },
            "ResultsRpt/StatusChng-Date/Time": {
                "value": "20190820122232",
                "label": "Results Rpt/Status Chng - Date/Time",
                "description": "",
                "required": true
            },
            "ChargeToPractice": {
                "value": "",
                "label": " Charge To Practice",
                "description": ""
            },
            "DiagnosticServiceSectionID": {
                "value": "MB",
                "label": "Diagnostic Service Section ID",
                "description": ""
            },
            "ResultStatus": {
                "value": "F",
                "label": "Result Status",
                "description": ""
            },
            "ParentResult": {
                "value": "",
                "label": " Parent Result",
                "description": ""
            },
            "Quantity/Timing": {
                "value": "1^^^20190820122232^^R~^^^^^R",
                "label": " Quantity/Timing",
                "description": "",
                "required": true
            },
            "ResultCopiesTo": {
                "value": "^^",
                "label": "Result Copies To",
                "description": ""
            },
            "ParentNumber": {
                "value": "",
                "label": "Parent Number",
                "description": ""
            },
            "TransportationMode": {
                "value": "",
                "label": "Transportation Mode",
                "description": ""
            },
            "ReasonForStudy": {
                "value": "",
                "label": " Reason For Study",
                "description": ""
            },
            "PrincipalResultInterpreter": {
                "value": "^^",
                "label": "Principal Result Interpreter",
                "description": ""
            },
            "AssistantResultInterpreter": {
                "value": "",
                "label": "Assistant Result Interpreter",
                "description": ""
            },
            "Technician": {
                "value": "",
                "label": "Technician",
                "description": ""
            },
            "Transcriptionist": {
                "value": "",
                "label": "Transcriptionist",
                "description": ""
            },
            "ScheduledDate/Time": {
                "value": "20190820122232",
                "label": "Scheduled Date/Time ",
                "description": "",
                "required": true
            },
            "NumberOfSampleContainers ": {
                "value": "",
                "label": "Number Of Sample Containers ",
                "description": ""
            },
            "TransportLogisticsOfCollectedSample": {
                "value": "",
                "label": " Transport Logistics Of Collected Sample",
                "description": ""
            },
            "Collector¿sComment": {
                "value": "",
                "label": "Collector¿s Comment ",
                "description": ""
            },
            " TransportArrangementResponsibility": {
                "value": "",
                "label": "Transport Arrangement Responsibility",
                "description": ""
            },
            "TransportArranged": {
                "value": "",
                "label": "Transport Arranged",
                "description": ""
            },
            "EscortRequired": {
                "value": "",
                "label": "Escort Required",
                "description": ""
            },
            "PlannedPatientTransportComment": {
                "value": "",
                "label": " Planned Patient Transport Comment",
                "description": ""
            }
        },
    "OBX": {
            "SetID-OBX": {
                "value": "1",
                "label": "Set ID - OBX",
                "description": ""
            },
            "ValueType": {
                "value": "TX",
                "label": "Value Type",
                "description": ""
            },
            "ObservationIdentifier ": {
                "value": "60003^Final Report",
                "label": "Observation Identifier",
                "description": ""
             }, 
            "ObservationSub-ID": {
                "value": "",
                "label": "Observation Sub-IDr",
                "description": ""
            },
            "Observation Value": {
                "value": "3+ Achromobacter xylosoxidans xylosoxidans",
                "label": "Observation Value",
                "description": ""
            },
            "Units": {
                "value": "",
                "label": "Units",
                "description": ""
            },
            "ReferencesRange": {
                "value": "",
                "label": "References Range",
                "description": ""
            },
            "AbnormalFlags": {
                "value": "",
                "label": "Abnormal Flags",
                "description": ""
            },
            " Probability": {
                "value": "",
                "label": "Probability",
                "description": ""
            },
            "NatureofAbnormalTest": {
                "value": "A~S",
                "label": "Nature of Abnormal Test",
                "description": ""
            },
            "ObservResultStatus": {
                "value": "F",
                "label": "Observ Result Status",
                "description": ""
            },
            "DateLastObsNormalValues": {
                "value": "",
                "label": "Date Last Obs Normal Values",
                "description": ""
            },
            "UserDefinedAccessChecks": {
                "value": "",
                "label": "User Defined Access Checks",
                "description": ""
            },
            "Date/TimeoftheObservation": {
                "value": "",
                "label": "Date/Time of the Observation",
                "description": ""
            },
            "Producer'sID": {
                "value": "",
                "label": "Producer's ID",
                "description": ""
            },
            "ResponsibleObserver": {
                "value": "",
                "label": "Responsible Observer",
                "description": ""
            },
            "ObservationMethod": {
                "value": "",
                "label": "Observation Method",
                "description": ""
            }
        }
}