{
	"AL1": {
		"SetID-AL1": {
			"value": "1",
			"label": "Set ID - AL1",
			"description": ""
		},
		"AllergyType": {
			"value": "Drug",
			"label": "Allergy Type",
            "description": "",
            "required": true
		},
		"AllergyCode/Mnemonic/Description": {
			"value": "",
			"label": "Allergy Code/Mnemonic/ Description",
			"description": ""
		},
		"AllergySeverity": {
			"value": "",
			"label": "Allergy Severity",
			"description": ""
		},
		"AllergyReaction": {
			"value": "",
			"label": "Allergy Reaction",
			"description": ""
		},
		"IdentificationDate": {
			"value": "",
			"label": "Identification Date",
            "description": "",
            "required": true
		}
	},
	"ORC": {
		"Order Control": {
			"value": "NW",
			"label": "Order Control",
            "description": "",
            "required": true
		},
		"PlacerOrderNumber": {
			"value": "V6995081111433333^HNAM_ORDERID",
			"label": "Placer Order Number",
			"description": ""
		},
		"FillerOrderNumber": {
			"value": "",
			"label": "Filler Order Number",
			"description": ""
		},
		"PlacerGroupNumber": {
			"value": "",
			"label": "Placer Group Number",
			"description": ""
		},
		"OrderStatus": {
			"value": "Ordered",
			"label": "Order Status",
            "description": "",
            "required": true
		},
		"ResponseFlag": {
			"value": "",
			"label": "Response Flag",
			"description": ""
		},
		"Quantity/Timing": {
			"value": "^Q8Hr^^20200501193717^201909290630^",
			"label": "Quantity/Timing",
            "description": ""
		},
		"Parent": {
			"value": "",
			"label": "Parent",
			"description": ""
		},
		"Date/TimeofTransaction": {
			"value": "201909251300",
			"label": "Date/Time of Transaction",
            "description": ""
		},
		"EnteredBy": {
			"value": "TD125860^DAVIS^CONRAD^^^^^^UUHSC Peoplesoft ID^^^^PRSNLID",
			"label": "Entered By",
			"description": ""
		},
		"VerifiedBy": {
			"value": "",
			"label": "Verified By",
			"description": ""
		},
		"OrderingProvider": {
			"value": "1005^Allen^Michelle^^^^^^UUHSC Peoplesoft ID^^^^PRSNLID~102415^Stevenson^Scott^^^^^^UUHSC Provider Number^^^^DOCNBR~1730421959^Stevenson^Scott^^^^^^NPI^^^^NPI",
			"label": "Ordering Provider",
			"description": ""
		},
		"Enterer'sLocation": {
			"value": "",
			"label": "Enterer's Location",
			"description": ""
		},
		"CallBackPhoneNumber": {
			"value": "",
			"label": "Call Back Phone Number",
			"description": ""
		},
		"OrderEffectiveDate/Time": {
			"value": "201909181300",
			"label": "Order Effective Date/Time",
            "description": ""
		},
		"OrderControlCodeReason": {
			"value": "",
			"label": "Order Control Code Reason",
			"description": ""
		},
		"EnteringOrganization": {
			"value": "",
			"label": "Entering Organization",
			"description": ""
		},
		"EnteringDevice": {
			"value": "",
			"label": "Entering Device",
			"description": ""
		},
		"Action By": {
			"value": "",
			"label": "Action By",
			"description": ""
		}
	},
	"RXE": {
		"Quantity/Timing": {
			"value": "^Q8Hr^X6^20200501193717",
			"label": "Quantity/Timing",
            "description": ""
		},
		"GiveCode": {
			"value": "AMIKLIP^Amikacin Liposome",
			"label": "Give Code",
			"description": "",
			"required": true
		},
		"GiveAmount-Minimum": {
			"value": "100",
			"label": "Give Amount - Minimum",
            "description": "",
            "required": true
		},
		"GiveAmount-Maximum": {
			"value": "",
			"label": "Give Amount - Maximum",
            "description": ""
		},
		"GiveUnits": {
			"value": "mL",
			"label": "Give Units",
            "description": "",
            "required": true
		},
		"GiveDosageForm": {
			"value": "INJ",
			"label": "Give Dosage Form",
            "description": "",
            "required": true
		},
		"ProvidersAdministrationInstructions": {
			"value": "",
			"label": "Providers Administration Instructions",
			"description": ""
		},
		"DeliverToLocation": {
			"value": "",
			"label": "Deliver To Location",
			"description": ""
		},
		"SubstitutionStatus": {
			"value": "",
			"label": "Substitution Status",
			"description": ""
		},
		"DispenseAmount": {
			"value": "A~S",
			"label": "Dispense Amount",
			"description": ""
		},
		"DispenseUnits": {
			"value": "",
			"label": "Dispense Units",
			"description": ""
		},
		"NumberofRefills": {
			"value": "",
			"label": "Number of Refills",
			"description": ""
		},
		"OrderingProvider'sDEANumber": {
			"value": "",
			"label": "Ordering Provider's DEA Number",
			"description": ""
		},
		"Pharmacist/TreatmentSupplier'sVerifierID": {
			"value": "TD125860^DAVIS^CONRAD^^^^^UUHSC Peoplesoft ID^^^^PRSNLID^PERSONNEL",
			"label": "Pharmacist/Treatment Supplier's Verifier ID",
			"description": ""
		},
		"PrescriptionNumber": {
			"value": "HM8192307",
			"label": "Prescription Number",
			"description": ""
		},
		"NumberofRefillsRemaining": {
			"value": "",
			"label": "Number of Refills Remaining",
			"description": ""
		},
		"NumberofRefills/DosesDispensed": {
			"value": "",
			"label": "Number of Refills/Doses Dispensed",
			"description": ""
		},
		"Date/timeofmostrecentrefillordosedispensed": {
			"value": "",
			"label": "Date / time of most recent refill or dose dispensed",
			"description": ""
		},
		"TotalDailyDose": {
			"value": "",
			"label": "Total Daily Dose",
			"description": ""
		},
		"NeedsHumanReview": {
			"value": "",
			"label": "Needs Human Review",
			"description": ""
		},
		"Pharmacy/TreatmentSupplier'sSpecialDispensingInstructions": {
			"value": "",
			"label": "Pharmacy/Treatment Supplier's Special Dispensing Instructions",
			"description": ""
		},
		"GivePer(Time Unit)": {
			"value": "H1",
			"label": "Give Per (Time Unit)",
			"description": ""
		},
		"GiveRateAmount": {
			"value": "100.000000",
			"label": "Give Rate Amount",
            "description": "",
            "required": true
		},
		"GiveRateUnits": {
			"value": "mL/hr",
			"label": "Give Rate Units",
            "description": "",
            "required": true
		},
		"GiveStrength": {
			"value": "",
			"label": "Give Strength",
			"description": ""
		},
		"GiveStrengthUnits": {
			"value": "",
			"label": "Give Strength Units",
			"description": ""
		},
		"GiveIndication": {
			"value": "",
			"label": "Give Indication",
			"description": ""
		},
		"DispensePackageSize": {
			"value": "",
			"label": "Dispense Package Size",
			"description": ""
		},
		"DispensePackageSizeUnit": {
			"value": "",
			"label": "Dispense Package Size Unit",
			"description": ""
		},
		"DispensePackageMethod": {
			"value": "",
			"label": "Dispense Package Method",
			"description": ""
		}
	},
	"RXA": {
		"GiveSub-IDCounter": {
			"value": "1",
			"label": "Give Sub-ID Counter",
			"description": ""
		},
		"AdministrationSub-IDCounter": {
			"value": "1",
			"label": "Administration Sub-ID Counter",
			"description": ""
		},
		"Date/TimeStartofAdministration": {
			"value": "20200501193717",
			"label": "Date/Time Start of Administration",
            "description": ""
		},
		"Date/TimeEndofAdministration": {
			"value": "",
			"label": "Date/Time End of Administration",
			"description": ""
		},
		"AdministeredCode": {
			"value": "AMIKLIP^Amikacin Liposome",
			"label": "Administered Code",
			"description": ""
		},
		"AdministeredAmount": {
			"value": "100",
			"label": "Administered Amount",
            "description": "",
            "required": true
		},
		"AdministeredUnits": {
			"value": "ml",
			"label": "Administered Units",
            "description": "",
            "required": true
		},
		"AdministeredDosageForm": {
			"value": "48",
			"label": "Administered Dosage Form",
            "description": "",
            "required": true
		},
		"AdministrationNotes": {
			"value": "",
			"label": "Administration Notes",
			"description": ""
		},
		"AdministeringProvider": {
			"value": "",
			"label": "Administering Provider",
			"description": ""
		},
		"Administered-atLocation": {
			"value": "",
			"label": "Administered-at Location",
			"description": ""
		},
		"AdministeredPer(Time Unit)": {
			"value": "",
			"label": "Administered Per (Time Unit)",
			"description": ""
		},
		"AdministeredStrength": {
			"value": "300",
			"label": "Administered Strength",
            "description": ""
		},
		"AdministeredStrengthUnits": {
			"value": "ml",
			"label": "Administered Strength Units",
			"description": ""
		},
		"SubstanceLotNumber": {
			"value": "",
			"label": "Substance Lot Number",
			"description": ""
		},
		"SubstanceExpirationDate": {
			"value": "",
			"label": "Substance Expiration Date",
			"description": ""
		},
		"SubstanceManufacturerName": {
			"value": "",
			"label": "Substance Manufacturer Name",
			"description": ""
		},
		"SubstanceRefusalReason": {
			"value": "",
			"label": "Substance Refusal Reason",
			"description": ""
		},
		"Indication": {
			"value": "",
			"label": "Indication",
			"description": ""
		},
		"CompletionStatus": {
			"value": "CP",
			"label": "Completion Status",
			"description": ""
		},
		"ActionCode": {
			"value": "",
			"label": "Action Code",
			"description": ""
		},
		"SystemEntryDate/Time": {
			"value": "20200528193717",
			"label": "System Entry Date/Time",
            "description": ""
		}
	},
	"RXR": {
		"Route": {
			"value": "PO",
			"label": "Route",
			"description": "",
			"required": true
		},
		"Site": {
			"value": "",
			"label": "Site",
			"description": ""
		},
		"AdministrationDevice": {
			"value": "",
			"label": "Administration Device",
			"description": ""
		},
		"AdministrationMethod": {
			"value": "",
			"label": "Administration Method",
			"description": ""
		}
	}
}