{
   "Surgery" : {
      "MRN": {
         "value": "2-498458075155913",
         "label": "MRN",
         "description": " ",
         "required": true
      },
      "Account_number": {
         "value": "581795373817215",
         "label": "Account Number",
         "description": "Account_number",
         "required": true
      },
      "family_name": {
         "value": "AAGAARD",
         "label": "family_name",
         "description": " ",
         "required": true
      },
      "given_name": {
         "value": "THEA",
         "label": "given_name",
         "description": " ",
         "required": true
      },
      "or_location": {
         "value": "11",
         "label": "or_location",
         "description": " ",
         "required": true
      },
      "case_date": {
         "value": "06/11/2019",
         "label": "case_date",
         "description": " ",
         "required": true
      },
      "Start": {
         "value": "09:27",
         "label": "Start",
         "description": " ",
         "required": true
      },
      "Stop": {
         "value": "10:00",
         "label": "Stop",
         "description": " ",
         "required": true
      },
      "Surgeon": {
         "value": "BAZA",
         "label": "Surgeon",
         "description": " ",
         "required": true
      },
      "Procedure": {
         "value": "Resection of large bowel close approach Test",
         "label": "Procedure",
         "description": " ",
         "required": true
      },
      "ASA_Code": {
         "value": "4",
         "label": "ASA Code",
         "description": " ",
         "required": true
      },
      "Wound_Class": {
         "value": "1",
         "label": "Wound Class",
         "description": " ",
         "required": true
      },
      "Surgery_Type": {
         "value": "LMX",
         "label": "Surgery_Type",
         "description": " ",
         "required": true
      },
      "Misc": {
         "value": "",
         "label": "Misc",
         "description": " "
      },
      "Test_Field": {
         "value": "Test Field",
         "label": "Test Field",
         "description": " "
      },
      "Not_Used": {
         "value": "",
         "label": "Not Used",
         "description": " "
      },
      "facility_code": {
         "value": "4",
         "label": "facility code",
         "description": " ",
         "required": true
      },
      "nhsn_cat": {
         "value": "LMX",
         "label": "nhsn cat",
         "description": " ",
         "required": true
      },
      "surg_code": {
         "value": "LMX",
         "label": "surg code",
         "description": " ",
         "required": true
      },
      "Anesthesiologist": {
         "value": "Anesth56120",
         "label": "Anesthesiologist",
         "description": " "
      },
      "Surgery_service": {
         "value": "",
         "label": "Surgery service",
         "description": " "
      },
      "Surgeon_Code": {
         "value": "surgcode120",
         "label": "Surgeon Code",
         "description": " "
      },
      "Anethesiologist_Code": {
         "value": "Anesth12056",
         "label": "Anethesiologist Code",
         "description": " "
      },
      "24_Hold": {
         "value": "",
         "label": "24 Hold",
         "description": " "
      },
      "25_Hold": {
         "value": "",
         "label": "25 Hold",
         "description": " "
      },
      "26_Hold": {
         "value": "",
         "label": "26 Hold",
         "description": " "
      },
      "27_Hold": {
         "value": "",
         "label": "27 Hold",
         "description": " "
      },
      "28_Hold": {
         "value": "",
         "label": "28 Hold",
         "description": " "
      },
      "29_Hold": {
         "value": "",
         "label": "29 Hold",
         "description": " "
      },
      "30_Hold": {
         "value": "",
         "label": "30 Hold",
         "description": " "
      },
      "31_Hold": {
         "value": "",
         "label": "31 Hold",
         "description": " "
      },
      "32_Hold": {
         "value": "",
         "label": "32 Hold",
         "description": " "
      },
      "33_Hold": {
         "value": "",
         "label": "33 Hold",
         "description": " "
      },
      "34_Hold": {
         "value": "",
         "label": "34 Hold",
         "description": " "
      },
      "Diabetes": {
         "value": "1",
         "label": "Diabetes",
         "description": " ",
         "required": true
      },
      "Height": {
         "value": "69",
         "label": "Height",
         "description": " ",
         "required": true
      },
      "Height_unit": {
         "value": "in",
         "label": "Height unit",
         "description": " ",
         "required": true
      },
      "Weight": {
         "value": "129",
         "label": "Weight",
         "description": " ",
         "required": true
      },
      "Weight_unit": {
         "value": "lb",
         "label": "Weight unit",
         "description": " ",
         "required": true
      },
      "Outpat": {
         "value": "0",
         "label": "Outpat",
         "description": " ",
         "required": true
      },
      "Emerg": {
         "value": "0",
         "label": "Emerg",
         "description": " ",
         "required": true
      },
      "GenAnes": {
         "value": "1",
         "label": "GenAnes",
         "description": " ",
         "required": true
      },
      "Trauma": {
         "value": "0",
         "label": "Trauma",
         "description": " ",
         "required": true
      },
      "Scope": {
         "value": "0",
         "label": "Scope",
         "description": " ",
         "required": true
      },
      "MultProc": {
         "value": "0",
         "label": " ",
         "description": " ",
         "required": true
      },
      "Implant": {
         "value": "0",
         "label": "MultProc",
         "description": " ",
         "required": true
      },
      "Transplant": {
         "value": "0",
         "label": "Transplant",
         "description": " ",
         "required": true
      },
      "TransAuto": {
         "value": "0",
         "label": "TransAuto",
         "description": " ",
         "required": true
      },
      "PrimClos": {
         "value": "1",
         "label": "PrimClos",
         "description": " ",
         "required": true
      },
      "DurLabor": {
         "value": "",
         "label": "DurLabor",
         "description": " "
      },
      "EstBlood": {
         "value": "3C",
         "label": "EstBlood",
         "description": " ",
         "required": true
      },
      "SpinalLvl": {
         "value": "TO",
         "label": "SpinalLvl",
         "description": " ",
         "required": true
      },
      "AppTech": {
         "value": "",
         "label": "AppTech",
         "description": " "
      },
      "HipRep": {
         "value": "",
         "label": "HipRep",
         "description": " "
      },
      "KneeRep": {
         "value": "",
         "label": "KneeRep",
         "description": " "
      }
   }
}